titles,category
李대통령 지지율 62.2%…민주 51.1% 국힘 30.6% [리얼미터],politics
김부겸 “대구가 국힘 버려야 보수 산다”…대구시장 출마 선언,politics
"與중동전쟁특위 ""추경 역대급 신속 처리…합성수지, 나프타와 유사한 수급안정 조치""",politics
與 ‘검사가 형량거래 제안’ 녹취 공개… 박상용 검사 “짜깁기한 것”,politics
국민의힘 “북한 인권결의안 참여 다행…고심 자체가 비정상”,politics
"이혁재, 국힘 심사위원 논란에 ""난 어디 가서 살라는 거냐""",politics
"北 김정은, 새 고체엔진시험 참관…“전략군사력 최강 수준” 강조",politics
"국방부, 제주도 전역서 '유가족 집중 찾기' 전개",politics
"장동혁 ""100원 주고 1000원 빼앗는 정권…지선 후 세금 폭탄""",politics
"교육 민원 1년새 1.6배 늘어…권익위, '민원주의보' 발령",politics
"”金총리, 진실과 다르게 말해” 주장한 美 공화당 원로에 반박 나선 정부",politics
5월에 '남북미' 아닌 '북중러 밀착' 2탄 연출?…中이 쥔 꽃놀이패,politics
"'李 주범 회유 의혹' 박상용 검사, 하루 새 7개 글로 반박… ""당연한 수사""",politics
"장동혁 ""천안함 유족에 면박 준 李 대통령, 북한 눈치 살피나""",politics
"김부겸 “대구, 회초리 들어야” 보수 심판론",politics
"이준석 ""반도체 혈전 속 4대강 보 해체는 자해행위""",politics
오세훈 “대통령·서울시장 중 묻는다면 후자”…  ‘사즉생 각오’ 승부수,politics
거대 양당 '불붙은' 부산시장 경선... 본선 주자는?,politics
"25조 정부안 곧 국회로...""전쟁 추경"" VS ""매표용""",politics
김부겸 앞세워 동진하는 민주…노선 갈등 제자리걸음 국힘,politics
與전남광주시장경선 '단일화·연대'…'민-김' 양강판세 요동치나,politics
"천하람 ""녹취록에 '이화영 부당회유' 안 보여…조작기소 국조는 불법""",politics
"개혁신당 “‘진술 회유’ 녹취, 민주당의 묻지마식 폭로…내용에 문제 없어”",politics
"삽·곡괭이로 복근 찍고, 머리로 돌판깨고 김정은 ‘박수’…북한군 고문같은 차력쇼",politics
"강·신, 신정훈으로 단일화 ... 강기정 ""신정훈 승리가 제 승리""",politics
"김부겸 출사표…“대구, 국힘 버려야 보수가 산다”",politics
"국힘 '험지 구인난' 현주소…이정현, 전남광주 '셀프공천' 시사",politics
'3말4초' 예고 조국 고심 중…부산·경기·전북 6곳 저울질,politics
"개혁신당, 박상용 녹취 공개에 ""부당한 회유 내용 안 보여""",politics
"김부겸 “지역소멸 벽 넘겠다. 대구, 국힘 버려야” 대구시장 출마",politics
"정청래, ‘진술 회유 의혹’ 녹취에 “조작 기소 사실이구나 생각”",politics
"한동훈 ""李 대통령, 계산은 정확히…청담동·백해룡 가짜뉴스 사과해야""",politics
李 “할아버지 말고 아저씨라 불러주면 좋겠다” 무슨 일?,politics
"與 ""쌍방울 사건 하나부터 열까지 조작…수사팀 증언대 세울것""",politics
"민형배 일부 지지자들, 신정훈·강기정 단일화에 辛 지지 '논란'(종합)",politics
"조갑제 ""국민의힘 1대1로 붙어도 김부겸 전 총리 유리···이번 공천은 '한동훈 공포증'""",politics
대구 최대 '격전지' 부상…김부겸 출마 선언,politics
"이혁재, 국힘 심사위원 논란에…“좌파 였어도 이런 잣대 댔을까 의문”",politics
손 쳐든 이혁재 “폰 던져버릴라”…‘한동훈 복당!’ 청년 막말 심사후기,politics
"""내가 죽일 거야"" 김중남 강릉시장 후보 측 '청년 신인 사퇴' 종용 논란",politics
이혁재 “17년 전 폭행 사건 일으킨 사람 왜 초대했느냐?…난 어디 가서 살라고”,politics
[뉴스포커스] 김부겸 대구시장 출마 선언…이정현은 호남출마 시사,politics
"신정훈·강기정 단일화 ""85년 그때처럼 하나의 심장으로 뛴다""(종합)",politics
‘李 주범’ 녹취 파장 확산… 민주 ‘회유 정황’ vs. 국힘 ‘짜깁기 조작’  정면충돌,politics
"신정훈, 강기정 제치고 단일후보…與 전남광주시장 경선 4파전(종합)",politics
"주호영 ""장동혁·이정현, 수습 안되니 참아달라? 김부겸과 지는 싸움해""",politics
"중동 긴장 고조, 기름값 당분간 상승 전망…휘발유 전국 평균 1873원",Economics
"한국투자증권, 글로벌리서치·ISA 서비스 강화...MTS 개선",Economics
"'160엔 뚫린 엔달러 환율' 日재무성 ""단호한 조치 필요""",Economics
"유증 후폭풍 한화솔루션, ‘삼연참’ 당하나",Economics
국내 AI 지능형 물류 한자리에 '국제물류산업대전' 31일 개막,Economics
나랏돈 씀씀이 대수술…의무지출 10% 감축·재량은 15% 줄인다,Economics
"LS 일렉트릭, 인재 확보로 글로벌 전력 슈퍼사이클 주도권 고삐",Economics
"대한항공·아시아나항공, 항공 분야 진로 탐색 공동 봉사활동",Economics
삼성바이오로직스 창립 15년 만 첫 파업…찬성률 95% 넘어,Economics
"우리금융, 청년 자립 돕는 '청년미래이음대출' 출시",Economics
"곽동신 한미반도체 회장, 30억 규모 자사주 취득",Economics
“4월 월급 보고 놀라지 마세요” 나는 얼마나 줄어들까...4월은 ‘건보료’ 정산하는 달,Economics
자사주 꼼수 더는 못한다…자기주식 ‘보유·처분’ 공시 강화,Economics
"국세청, 다주택 임대업자 정조준 ""강남 등 247채 임대사업자 200억 탈세""",Economics
파업 불참자에 또 협박… 법 위의 삼전노조[현장에서],Economics
서울 매물 두달새 40%↑…‘양도세 공포’에 내달 더 나올듯,Economics
"박윤영의 KT, 임원 30% 교체 ‘쇄신’",Economics
"환율 1,510원대 '돌파'‥코스피 한때 5%대 '급락'",Economics
"강남 아파트 전세금으로 이자놀이, 8억 꿀꺽…세무조사 닥쳤다",Economics
"세제 혜택 줬더니 2088억원 탈루…국세청, 1조원대 임대업자 세무조사",Economics
"""매일 아침 2시간 신문 열독""…한국 부자들, 20년째 지킨 '이 습관'",Economics
다주택 임대사업자 2800억 세금탈루…국세청 세무조사 착수,Economics
"금융위, 자기주식 보유·처분 공시 모든 상장사로 확대",Economics
"""임직원, 퇴사 후에도 차익 반환해야""…단기매매차익 주의보",Economics
끝나지 않는 전쟁…수익률 상위 투자자는 바이오·VC株 담닸다 [주식 초고수는 지금],Economics
“자사주 꼼수 전면 차단”… 全 상장사 자사주 처리계획 의무 공시 등 입법예고,Economics
자사주 ‘원칙적 소각’…상장사 처분계획 공시 의무화,Economics
"슈퍼카 사고, 돈 놀이까지...강남3구·한강벨트 ‘다주택 임대업자’ 세무조사",Economics
"자사주 보유·처분 계획 공시, 모든 상장사로 확대키로",Economics
강남·한강벨트 등 15개 임대업체 세무조사… 3141호 보유·2800억 탈루,Economics
강남3구·한강벨트 다주택 임대업자 고강도 세무조사…탈루혐의액 2800억원,Economics
"전세금으로 이자 놀이·명품 쇼핑…국세청, ‘강남·한강벨트’ 임대업자 세무조사",Economics
"삼성전자, '영업익 10%+특별보상' 제시에도 협상 결렬…'너무 했다'",Economics
"강남3구 다주택자 등 세무조사 착수…“2,800억 탈루 혐의”",Economics
"""주식 팔고 책임경영 위해 반년내 되샀다면…차익은 반환해야""",Economics
자사주보고서 모든 상장사로 확대...수량 관계없이 의무공시,Economics
강남·한강벨트 임대업자 수천억 탈세…전세금까지 굴렸다,Economics
강남 아파트 등 247채 굴리며 탈세…임대업자 세무조사 착수,Economics
"'200채 보유 다주택자' 임대수익 8억원 숨겨…국세청 ""강도높은 세무조사""",Economics
"이러니 결혼 안 하지...""밥값만 3600만원"" 결혼식 비용 '입이 떡'",Economics
"다주택 임대업자, 온갖 세제혜택 받고도 또 안 내려고…세무조사 돌입",Economics
"[단독] ""3억만 내면 돼""…다국적 기업들, 관세조사 무시 '배짱'",Economics
"[단독]“항공유 지옥문 열렸다”…유류할증료 상한선, 미국행 55만원 될듯",Economics
대기업 주총 마무리 수순…CEO들이 던진 올해 경영 화두는,Economics
"은퇴하고 치킨집, 김밥집?…남는 게 없다",Economics
"삼성전자, 업계 최고 '특별 보상' 제시…노조 ""파업 참여 안하면 불이익""",Economics
법원 “아파트 2년 이내 거래가액도 ‘시가’될 수 있어...증여세 추가 부과해야”,Social
"포르쉐코리아, 서울시·초록우산과 서울숲에 '드림 서킷' 조성",Social
"안전공업 희생자 장례 마무리, 유가족 “더 이상 이런 사고 없길…”",Social
보령시 종량제봉투 7개월 사용 분량 추가 제작·비축,Social
"'빛바랜 훈장' 국가폭력 주도자 서훈 박탈되나…경찰, 전수조사 착수",Social
"""4월 건보료 연말정산...월급 오른 직장인 더 내야""",Social
"""한국서 나눔 베풀고 살아""…60대 중국인, 장기 기증으로 4명에 '새 삶' 선물",Social
"윤호중 ""제주도, 해외마약유통 경유지 안 되도록 대응""",Social
"대전시·16개 의료기관, 퇴원환자 통합돌봄 연계 협약",Social
"'One-In, One-Out' 유은혜, 경기교육행정 대수술 예고",Social
"'미국인 출신' 교황마저 트럼프에 한 마디…""너희 손은 피칠갑이다"" [아침&매일경제]",Social
친구가 전처와 통화했다는 이유로 죽도 휘둘러 집을난장판으로 만든 50대 집행유예,Social
"'데드풀' 번역가 황석희, 성범죄 전과 의혹에…""변호사와 검토 진행 중""",Social
[12뉴스] 오늘의 주요뉴스,Social
경찰관 정부포상 7만 개 전수조사…“고문·사건조작 여부 재검증”,Social
경복궁 화재 ‘자연 발화’ 미스터리… CCTV 정밀 재감식,Social
"서울 벚꽃, 평년보다 열흘 빨리 ‘활짝’",Social
'육아 단축근무' 때도 야근·주말근무…사회복지사 40% '이직 생각',Social
"SBS '물량·소진' 보도에…아동권리보장원 ""직원 부적절 발언 송구, 고강도 쇄신""",Social
변호사들이 뽑은 올해의 수사관 14명 ‘경찰청장 표창’ 받았다 [세상&],Social
"법원 ""증여세 산정 때 1년 5개월 전 같은 단지 거래가 시가 반영 가능""",Social
반도체 특화 인재 키우는 서울반도체고 내년 개교,Social
"[단독] ""이재명 완전히 주범돼야""...박상용 검사는 왜 그때 그렇게 말했나",Social
중국서 와 한국서 생명 나눔…4명 살리고 떠난 60대,Social
결혼식 비용 평균 2139만원…전국 일제 상승 속 강남만 하락,Social
"[단독] 정부, 지 · 필 · 공 강화 외치지만… 전국의료원 12곳 의사 정원 ‘미달’",Social
보이스피싱에 합의부 마비… 법 바꿔 ‘재판적체’ 숨통,Social
"[취재수첩] 전북도가 말하지 않는 전주올림픽, 숫자의 이면",Social
말소車 무면허·음주운전→사고…불법체류 女외국인 영장,Social
"""알면 당선, 모르면 낙마""…선거법 '지뢰밭' 정밀해부",Social
"""차량 바퀴가 없어졌다"" 인천서 잇단 신고에 경찰 수사",Social
"""BMW 바퀴·휠 훔쳐갔다""…공영 주차장에 주차했다 날벼락",Social
"""이근안 서훈 16개...고문 관련자 상훈 박탈 전수조사 한 달이면 돼""",Social
성폭행범이 저명인사?…정명석 '교도소 독방' 특혜논란,Social
"[속보] 불법체류 20대 외국인, ‘5명 부상’ 교통사고 후 뺑소니…“강제 송환 두려워 도주” 진술",Social
"1년 치 공급 이상 無…김성환 기후부 장관, ""종량제 봉투 값 인상 없다""",Social
"""눈치껏 비켜야지""…산책하던 커플 치고 간 민폐 '러닝 크루' 되레 큰소리",Social
"""내 전처랑 통화를 해?""…죽도 휘둘러 친구 집 부순 50대",Social
2026 로스쿨 합격자 '5명 중 3명'은 SKY,Social
"김영록 ""신정훈·강기정 단일화 존중…대표 공약 잘 계승""",Social
"""집에 쓰레기 쌓아둘 일 없다"" 종량제 대란 우려 진화 나선 기후부 장관",Social
"[속보] ""친구가 전처랑 통화해서"" 1m 길이 죽도 휘두르고 돌 던진 50대男, 실형 면해",Social
HD현대미포서 20대 잠수부 사망…하청 대표 구속 송치,Social
'선수' 먼저 잠입 후 경찰 우르르 급습…사행성 PC방 단속현장 가보니,Social
"유명 번역가 황석희, '성범죄 의혹' 보도에 ""변호사와 검토 중""",Social
"번역가 황석희, ‘성범죄 전과’ 의혹…“변호사와 검토 중”",Social
"BTS ‘아리랑’, ‘빌보드 200’ 7번째 1위…영미 앨범차트 1위 석권",culture
"중화권 공략 가속… 박성혁 관광공사 사장, 직접 현장 세일즈",culture
"K-콘텐츠, 미국·유럽서도 호감 상승…BTS, ‘영향력 있는 한류 스타’ 1위",culture
"""올 여름 휴가시즌, 하늘길 위축되나""…5월 유류할증료 또 인상 전망",culture
"KGM, ‘튜닝 페스티벌 시즌2’ 참가자 모집···1600만원 상금",culture
석 달에 한 번씩 국가유산 화재…경복궁·하회마을 '반복 피해',culture
'퐁피두센터 한화' 6월 개관...피카소 작품 등 전시,culture
"'성범죄 전과' 보도에 황석희 번역가 ""변호사와 검토 중""",culture
"尹정부 시절 한국 상대적 빈곤율, OECD 9번째로 심각했다",culture
"길거리 흡연 중학생, 190㎝ 명현만 선수 훈계에…되레 경찰신고",culture
외국인 10명 중 7명 한류 “좋아요”…한국하면? ‘K팝’,culture
"‘역대급 실적’ 제약·바이오, 임직원 연봉 인상엔 인색?",culture
"""난리 나니까 사과하는 척""…홍서범·조갑경 전 며느리 반발, 왜? [포크뉴스]",culture
"국립중앙박물관, 이제 돈 낸다…5000원~1만원 거론",culture
‘퐁피두센터 한화’ 6월 4일 여의도서 문 연다,culture
[내일날씨] 새벽 전국 곳곳 비…오전에 대부분 그쳐,culture
치킨 팔아 '테마파크'를 세웠다…100년째 줄서는 식당의 비결 [류재도의 테마가 있는 다이닝],culture
20분이면 감염병 판별…유전자가위 기술로 암 진단으로도 확장,culture
[날씨] 오늘 전국 건조함 달래줄 단비…제주·남해안 호우,culture
"“하루 30분만 걸어라”…젊은 여성, 유방암 위험 낮춘다",culture
"정부, '의정 갈등' 속 중증진료 유지한 병원에 1조 지급",culture
"“버리면 손해, 다시 쓰면 절약” 고물가 시대, 식비 줄이는 ‘음식물 활용법’",culture
재량 15%·의무 10% 절감…'성장동력' 키울 내년 예산 '승부수',culture
"봄철 입냄새, 단순 불쾌감 아니다…구강 건조가 부르는 건강 신호",culture
거울 앞에 차렷 하고 섰을 때 손등이 많이 보인다면 이미 ‘이 증상’,culture
아침마다 먹었는데 '독'이었다니…의사들 절대 안 먹는 음식 3가지 [건강!톡],culture
"전이성 간암, “경동맥 국소 치료가 전신항암보다 생존율 2배 높다”",culture
[날씨체크] 대체적으로 흐린 하늘에 비 소식···온화한 낮 지속,culture
아우디 'A6' 반복 결함 논란…10차례 수리에도 '기어 먹통',culture
[부산일보 오늘의 운세] 3월 31일(음 2월 13일),culture
"“꼿꼿한 허리·풍성한 머리숱”…94세 이길여 총장, ‘최강동안’ 근황",culture
“납 기준치 549배” 자녀 준비물 ‘여기’서 샀다면 확인… 싼 이유 있었다,culture
"현영, 50대 이후 어려워진 다이어트… “‘이것’ 해서 4kg 감량”",culture
"‘11kg 감량’ 신봉선, ‘이 음식’에 푹 빠졌던데… 살 잘 빠진다고?",culture
LDL 콜레스테롤 ‘이만큼’ 낮춰야 심근경색 위험 30% 감소,culture
"삼성바이오로직스, 창사 첫 파업 맞나… 노조 찬성 95%",culture
“한국은 공휴일에도 약국 연다고?”… 외국인들 감탄하는 ‘당번약국’,culture
"“삼겹살 900원대”… 대형마트, 장바구니 물가 잡기 사활 건 ‘반값 전쟁’",culture
“거짓말 같은 가격”… 만우절 맞이 ‘3900원 와퍼’ 출격,culture
"‘월 2900원에 최대 7만원 적립’… G마켓, ‘꼭’ 멤버십",culture
"“아침에 산 옷, 저녁에 입는다”… CJ온스타일, ‘오늘 도착’ 물동량 252%↑",culture
"중앙대의료원, 남양주에 1000병상 규모 병원 건립",culture
"한류 경험자 10명 중 7명 '한국 호감'…BTS, 영향력 있는 스타 1위",culture
후티반군 참전 … 호르무즈 이어 홍해까지 막히나,World
이스라엘에 미사일 발사…후티 참전에 국제유가 다시 급등,World
이란 급습에 ‘절단’…미군 수천억 자산 ‘하늘의 눈’ 첫 파괴 [지금뉴스],World
전쟁 판 뒤집을 변수…미군 지상전 시나리오,World
"파키스탄 ""며칠 내 美·이란 회담""…호르무즈 관리 방안도 논의",World
"450kg '우라늄' 탈취 나서나…트럼프, 지상군 투입카드 '만지작'",World
트럼프 “이란과 협상 극도로 잘돼…꽤 조기에 합의할 것”[1일1트],World
트럼프 “이란 석유 원해… 하르그섬 점령도 검토”,World
"태국 ""호르무즈 안전 통과 이란과 합의""…인니도 ""긍정적 협상중""",World
프랑스·이탈리아·스페인도 국채 금리 급등,World
이란 ‘NPT 탈퇴 검토’…미국 ‘하르그섬 점령’ 만지작,World
"말로 안되면 군사 탈취…트럼프, 이란 우라늄 투트랙 압박",World
트럼프 “내일 20척 호르무즈 통과”…지상군은 집결 중,World
개전 한달째 포화…이란 'NPT 탈퇴검토'에 美 '하르그섬 점령' 만지작,World
"""이란 석유 갖고 싶어‥하르그 섬 점령할 수도""",World
"[영상] 20조짜리 美핵항모, 전선서 후퇴…세탁실 화재 수리차 지중해로",World
중국에서 갑자기 ‘딥시크 붕괴‘가 키워드로…무슨 일?,World
"""수퍼마켓 비지 않았다""…버티는 이란 뒤엔 40년 '저항경제'",World
"미군 5만명 중동 배치, 이란 “미 항모 오면 타격”… 호르무즈 전운 고조",World
"호르무즈 봉쇄 속 '이례적 통과'…사우디 원유 실은 유조선, 파키스탄행",World
러-우 하루 수백대 드론전… 주변국은 ‘영공 비상’,World
일단 에너지 전쟁은 이란이 승자…석유 판매 수익 2배로,World
확전 우려에 유가 급등…브렌트유 115달러 돌파,World
"""트럼프, 이란에 우라늄 포기 압박하면서 무력탈취 작전도 검토""",World
"中환구시보 “이란戰 한 달, 통제불능 전 휴전 압박해야”",World
트럼프 입 열기 직전 ‘7560억 베팅’…“누가 미리 알았나” 美 발칵 [핫이슈],World
"이란군 겨냥 ""악한 영혼에 저주를""…美국방, '십자군식' 군 개혁 박차",World
젤렌스키 “美 ‘하늘의 눈’ 파괴 배후? 러시아가 이란에 위성사진 제공”,World
일본 중유값 ‘40% 상승’에 목욕탕 망할라…문 앞에 “물 아껴 쓰세요”,World
"대만 학자 ""美의 이란 공격, 장기적으로 대만에 도움"" 주장",World
“후티發 홍해까지 막히면 유가 150달러”...사우디 ‘역할론’도 확대,World
'드문 통과' 사우디 원유 등 호르무즈 지나,World
[이슈톺] 미군 피해에 전쟁 비용까지...격화하는 '반트럼프' 움직임,World
"2600만 구독 中 '입시 전략가' 사망에…""가난한 학생 희망"" 수험생 애도 물결",World
"""사우디 원유, 호르무즈 통과 후 파키스탄으로""",World
“쓰레기장 안 돼” 베센트도 우려한 사모대출...재무부 직접 나섰다,World
"월가, '타코' 신호 포착…트럼프, 이란 전쟁도 물러설까",World
"""협상 잘 진행"" 트럼프, 인터뷰에서는 '하르그섬 점령' 언급[미국-이란 전쟁]",World
"이스라엘, 예루살렘 미사 금지했다가 논란일자 급히 시정(종합)",World
"4,500억 '미군의 눈' 박살났다...뻥 뚫린 방공망에 전략자산 잿더미",World
'유가 150달러로 급등' 홍해·호르무즈 '쌍방 봉쇄' 시,World
"美, 러 유조선 쿠바행 용인…트럼프 ""생존해야 하니 상관없어""(종합)",World
"트럼프 ""이란, 15개 항목 대부분 수용… 정권교체 이미 이뤄져""",World
호르무즈 이어 홍해까지 위협…국제유가 급등·亞증시 하락,World
"우크라 외무 ""美 군사 원조, 중동 등 타 지역 전용 안될 것""",World
이재명 대통령 취임·광복 80주년 우표 담긴 '컬렉션' 7000권 한정 판매,IT
"해외 인재 잡는다…정부, 보스턴서 채용·창업 연계 행사",IT
"컴투스, 일본 애니 'A랭크 파티' IP 게임화 확정",IT
"3~4월, 우리나라 4가지 대기오염 물질 동시 노출 많아",IT
"KT 클라우드 플랫폼, CSAP 인증 획득...AZ 인프라로 공공 시장 공략",IT
펄어비스 ‘붉은 사막’ 스팀 동접자 27만명…자체 최고 기록 경신,IT
30년 KT맨 박윤영의 귀환… '외부 수혈' 시대 막 내린다,IT
"SKB, 월 3300원 '사장님안심' 서비스 출시",IT
"정신건강의사들 ""운전금지 약물 지정 우려…치료중단이 더 위험""",IT
"韓 클라우드 시장, 올해 10조원 돌파할까…""지난해 사상 최대""",IT
[AI픽] 국내 클라우드 매출 9조원 돌파…AI가 키웠다,IT
"곽동신 한미반도체 회장, 30억원 규모 자사주 추가 취득",IT
"'EQT' 더존비즈온, 공동대표 체제로 새 출발…상장폐지도 초읽기",IT
"AI 배우 쓰려면 인간만큼 비용 내라…할리우드 노조, '틸리세' 부과 추진",IT
'산부인과 의사'인데…'산부인과' 간판 뗀 의원 10곳 중 4곳,IT
"넷마블, 콘솔시장 '정조준'…글로벌 영토 넓힌다",IT
전문직·IT 업종 20·30세대 때린 AI…일자리 대체 우려 확산,IT
"KT, 구조조정 인원 2300명 복귀 시킨다",IT
"보조금 경쟁 42년 '끝'…통신3사, AI로 ‘각자의 길’ 간다",IT
IT·전문직 ‘2030’ 취업자 13만명 감소,IT
"스포티파이·넷플, 'K-수혈'로 이용자 수 급증",IT
"앱클론-종근당, 이중항체 기반 난치성 고형암 치료제 공동개발 착수",IT
“딱 이틀 먹었는데 10% 뚝”…나쁜 콜레스테롤 잡는 ‘이 음식’,IT
[검색폭발 이슈키워드] 터보퀀트,IT
‘막무가내 트럼프’에 수학자들도 공분…“미국 개최 ‘수학 노벨상’ 거부”,IT
"""지아이텍, ESS 타고 실적 반등…연 매출 430억 전망""",IT
유튜브 쇼핑 문턱 낮아진다…가입 요건 '구독자 500명' 완화,IT
"환자 80%가 ""증상? 없었어요""…65세 이상은 매년 결핵 검진해야",IT
"""월회비 2900원으로 최대 7만원 적립""…지마켓, '꼭' 멤버십 공개",IT
“값비싼 귀금속대신 니켈” 원하는 효능 합성…부작용 없는 신약개발 청신호,IT
"HLB, 담관암 신약 美 FDA 우선심사 지정…""9월 내 승인 결정""",IT
"[IT카페]""SKT와 달라야 하는데…"" 유심 교체 앞 분주한 LG유플러스",IT
"김한근 강릉시장 예비후보 ""AI데이터센터 사업은 제2 대왕고래""",IT
"청소년 10명 중 4명 사이버폭력 경험… ""모르는 사람이 더 무섭다""",IT
"""여기는 달로 가는 우주선입니다"" [지금은 우주]",IT
"""유인 달 탐사 준비완료""…아르테미스 2호, 4월 1일 발사 [우주로 간다]",IT
"박윤영號, 7광역본부 해체·물갈이…'김영섭 지우기' 본격화",IT
뽑아도 또 자라는 불법웹툰…보안기술·공식번역 '속도전',IT
"[리뷰] 니콘 대표 표준 줌 렌즈, '더 편한 렌즈'로 재탄생",IT
"""나도 모르게 붉며 들었다""…'붉은사막'에 27만 명 동시에 몰렸다",IT
"한국인, 연간 보름꼴로 미세먼지·오존 등 4중 대기오염에 동시 노출",IT
"AI 토큰값 90% 폭락해도 기업 부담 커진다는데, 왜?",IT
구독자 500명 유튜버도 돈번다…유튜브 쇼핑 제휴 요건 완화,IT
"한국인, 연 15일 ‘복합 대기오염’ 노출… 4개 물질 동시 초과",IT
